Date;Allemagne, Taux d'inflation;France, Taux d'inflation;Zone euro, Taux d'inflation;Allemagne, Taux de chômage (CVS);France, Taux de chômage (CVS);Zone euro, Taux de chômage (CVS);Allemagne, solde des finances publiques (% PIB);France, solde des finances publiques (% PIB);Zone euro, solde des finances publiques (% PIB);Allemagne, Solde structurel des finances publiques (en % du PIB);Zone euro, Solde structurel des finances publiques (en % du PIB);France, Solde structurel des finances publiques (en % du PIB);Zone euro, Crédit aux SNF, taux de croissance annuel;Zone euro, Crédit aux ménages, taux de croissance annuel;Crédits accordés aux sociétés non financières résidentes, taux de croissance annuel;Crédits accordés aux ménages et ISBLSM résidents, taux de croissance annuel;Taux de croissance du PIB en % - Allemagne;Taux de croissance du PIB en % - France;Taux de croissance du PIB en % - Zone Euro
01/03/2020;1,3;0,8;0,7;;;;;;;;;;4,8;3,4;7,5;5,8729;;;
01/02/2020;1,7;1,6;1,2;3,166798;8,076034;7,296884;;;;;;;2,4;3,8;5,1;6,5232;;;
01/01/2020;1,6;1,7;1,4;3,186517;8,157016;7,351357;;;;;;;2,6;3,7;5,4;6,4278;;;
01/12/2019;1,5;1,6;1,3;3,191877;8,169237;7,362684;;;;;;;2,6;3,5;5,1;6,3117;;;
01/11/2019;1,2;1,2;1;3,179652;8,203844;7,394685;;;;;;;2,6;3,3;5,9;6,2;;;
01/10/2019;0,9;0,9;0,7;3,152335;8,274821;7,425003;;;;;;;3,1;3,3;6,4;6,209;;;
01/09/2019;0,9;1,1;0,8;3,121452;8,377345;7,504167;;;;;;;2,9;3,2;6,2;6,2735;;;
01/08/2019;1;1,3;1;3,102224;8,508167;7,511432;;;;;;;3,5;3,2;7,2;6,0115;;;
01/07/2019;1,1;1,3;1;3,099398;8,52179;7,572277;;;;;;;3,3;3,2;7,3;6,0387;;;
01/06/2019;1,5;1,4;1,3;3,113383;8,48735;7,5443;;;;;;;3,3;3,2;7,2;5,8517;;;
01/05/2019;1,3;1,1;1,2;3,137716;8,454738;7,575718;;;;;;;2,8;3,1;6,8;5,8214;;;
01/04/2019;2,1;1,5;1,7;3,16511;8,493016;7,620308;;;;;;;2,8;3,2;6,7;5,7794;;1,3;1,1
01/03/2019;1,4;1,3;1,4;3,190316;8,598964;7,664909;;;;;;;2,5;3,1;6,4;5,7298;;;
01/02/2019;1,7;1,6;1,5;3,212174;8,655491;7,760727;;;;;;;2,7;3,2;6,3;5,5746;;;
01/01/2019;1,7;1,4;1,4;3,233128;8,717928;7,80059;;;;;;;2,3;3,2;6,2;5,4674;0,7;1,2;1,2
01/12/2018;1,7;1,9;1,5;3,258845;8,779088;7,836178;;;;;;;2,9;3;6,1;5,5884;;;
01/11/2018;2,2;2,2;1,9;3,291262;8,803035;7,904117;;;;;;;3,1;3,2;6,2;5,7221;;;
01/10/2018;2,6;2,5;2,3;3,328385;8,885521;7,99775;;;;;;;2,9;3,2;5,7;5,6952;0,6;1,1;1,2
01/09/2018;2,2;2,5;2,1;3,364123;8,979689;7,998881;;;;;;;3,3;3,1;5,9;5,6125;;;
01/08/2018;2,1;2,6;2,1;3,390276;9,022986;8,032685;;;;;;;3,2;3,1;5,7;5,7248;;;
01/07/2018;2,2;2,6;2,2;3,408525;9,037578;8,095316;;;;;;;3,1;3,3;5,3;5,6692;1,2;1,5;1,7
01/06/2018;2,1;2,3;2;3,419487;9,044974;8,220211;;;;;;;2,7;3;6;5,4591;;;
01/05/2018;2,5;2,3;2;3,42692;9,100668;8,25741;;;;;;;2,9;3;5,8;5,5732;;;
01/04/2018;1,3;1,8;1,2;3,436452;9,143066;8,381198;;;;;;;2,5;3;5,1;5,6502;2;1,9;2,2
01/03/2018;1,7;1,7;1,4;3,454292;9,173331;8,450876;;;;;;;2,4;3;5,3;5,5966;;;
01/02/2018;1,2;1,3;1,1;3,480108;9,192864;8,515018;;;;;;;2,2;2,9;5,5;5,7386;;;
01/01/2018;1,5;1,5;1,3;3,513597;9,15961;8,604075;;;;;;;2,4;3,1;5,5;5,9869;2,1;2,4;2,5
01/12/2017;1,5;1,2;1,3;3,554821;9,040668;8,634003;;;;;;;2;3,2;6,2;6,0776;;;
01/11/2017;1,7;1,2;1,5;3,600914;9,042401;8,707865;;;;;;;1,8;3,1;5,5;5,9704;;;
01/10/2017;1,5;1,2;1,4;3,645531;9,182259;8,781781;;;;;;;1,8;3,1;6;6,0162;2,8;3;2,8
01/09/2017;1,9;1,1;1,6;3,688203;9,373083;8,88079;;;;;;;1,5;3;5,5;5,8586;;;
01/08/2017;1,9;1;1,5;3,725592;9,566461;8,985409;;;;;;;1,4;3;5;5,8403;;;
01/07/2017;1,7;0,8;1,3;3,759924;9,614684;9,052059;;;;;;;1,2;2,8;5,1;5,8098;2,7;2,8;2,8
01/06/2017;1,7;0,8;1,3;3,794248;9,526548;9,061693;;;;;;;1,3;2,9;3,9;5,7935;;;
01/05/2017;1,3;0,9;1,4;3,826518;9,5247;9,184988;;;;;;;1,7;2,7;4,2;5,5127;;;
01/04/2017;2;1,4;1,9;3,848704;9,51802;9,217758;;;;;;;1,7;2,6;5,4;5,2969;2,2;2,4;2,5
01/03/2017;1,5;1,4;1,5;3,862754;9,533852;9,369779;;;;;;;1,8;2,5;5,4;5,0831;;;
01/02/2017;2,1;1,4;2;3,869601;9,562222;9,431809;;;;;;;1,5;2,4;4,7;4,8746;;;
01/01/2017;1,7;1,6;1,7;3,875081;9,687433;9,551101;1,3;-2,6;-0,9;0,4;-1,4;-2,6;1,8;2,4;4,8;4,6561;2,1;1,4;2,1
01/12/2016;1,6;0,8;1,1;3,887613;9,94725;9,646837;;;;;;;1,9;2,3;5;4,088;;;
01/11/2016;0,8;0,7;0,6;3,91837;10,070599;9,772071;;;;;;;1,9;2,1;4,8;3,6753;;;
01/10/2016;0,7;0,5;0,5;3,975249;10,066485;9,773563;;;;;;;1,8;1,9;4,7;3,5593;1,9;1,2;2,1
01/09/2016;0,6;0,5;0,4;4,047198;9,898145;9,863172;;;;;;;1,5;2;4,7;3,5512;;;
01/08/2016;0,3;0,4;0,2;4,121981;9,851767;9,891303;;;;;;;1,2;2;5,3;3,5804;;;
01/07/2016;0,3;0,4;0,2;4,188277;9,799962;9,973729;;;;;;;1,4;1,9;5,4;3,3016;2,1;0,8;1,7
01/06/2016;0,1;0,3;0;4,232801;9,951584;10,097578;;;;;;;1,4;1,9;5,2;3,3493;;;
01/05/2016;-0,1;0,1;-0,1;4,258656;10,024864;10,14839;;;;;;;1,3;2,1;5,5;3,448;;;
01/04/2016;-0,3;-0,1;-0,3;4,279259;10,107656;10,224568;;;;;;;1;2,2;4,6;3,3319;2,2;1;1,8
01/03/2016;0,1;-0,1;0;4,306007;10,188023;10,238028;;;;;;;0,9;2,2;4,4;3,5043;;;
01/02/2016;-0,1;-0,1;-0,1;4,346176;10,335859;10,360927;;;;;;;0,8;2,2;4,6;3,6392;;;
01/01/2016;0,4;0,3;0,3;4,397836;10,243792;10,364215;1;-3,4;-1,5;0,4;-1,3;-2,4;0,6;1,9;4,8;3,4504;2,4;1,2;1,9
01/12/2015;0,2;0,3;0,3;4,44745;10,228534;10,459087;;;;;;;-0,3;1,9;4,2;3,6997;;;
01/11/2015;0,2;0,1;0,1;4,487379;10,244518;10,4893;;;;;;;0,2;1,9;4,5;3,7674;;;
01/10/2015;1,2;0,2;0,4;4,515979;10,268687;10,605096;;;;;;;-0,2;1,8;3,8;3,5599;1,3;1;2
01/09/2015;0,8;0,1;0,2;4,541547;10,307386;10,617353;;;;;;;-0,4;1,6;3,7;3,5411;;;
01/08/2015;1,1;0,1;0,4;4,574126;10,34975;10,659617;;;;;;;-0,1;1,4;3,2;3,0068;;;
01/07/2015;1,3;0,2;0,5;4,613086;10,383803;10,771712;;;;;;;-0,2;1,3;3,7;3,0895;1,7;0,9;2,1
01/06/2015;1,1;0,3;0,5;4,658401;10,474977;10,97987;;;;;;;-0,7;1,2;3,4;2,9502;;;
01/05/2015;1,6;0,3;0,6;4,696229;10,530402;11,035274;;;;;;;-0,6;1;3,2;2,768;;;
01/04/2015;1;0,1;0,2;4,722631;10,468285;11,092927;;;;;;;-0,9;0;3,5;2,7496;1,8;1;2
01/03/2015;0,3;0;-0,1;4,740509;10,406775;11,184792;;;;;;;-1,1;0;3,5;2,6531;;;
01/02/2015;-0,2;-0,3;-0,3;4,762496;10,355303;11,194169;;;;;;;-1,1;-0,2;2,9;2,2085;;;
01/01/2015;-0,5;-0,4;-0,6;4,803899;10,364137;11,275745;0,8;-3,6;-2;0,8;-1;-2,4;-1,6;-0,2;2,6;2,5209;1,1;1,2;1,8
01/12/2014;0,1;0,1;-0,2;4,864492;10,447476;11,349041;;;;;;;-1,4;-0,3;2,3;2,3702;;;
01/11/2014;0,5;0,4;0,3;4,929839;10,495664;11,518942;;;;;;;-1,7;-0,4;2,1;2,4613;;;
01/10/2014;0,7;0,5;0,4;4,977846;10,414371;11,5155;;;;;;;-1,9;-0,4;2,7;2,5499;2,3;0,8;1,5
01/09/2014;0,8;0,4;0,3;4,997348;10,408133;11,512135;;;;;;;-2;-0,5;1,9;2,4709;;;
01/08/2014;0,8;0,5;0,4;4,992436;10,265437;11,46976;;;;;;;-2,2;-0,5;2,1;2,7021;;;
01/07/2014;0,7;0,6;0,4;4,979376;10,247107;11,57649;;;;;;;-2,4;-0,5;1,8;2,6859;1,7;1,2;1,3
01/06/2014;0,9;0,6;0,5;4,977177;10,215785;11,518568;;;;;;;-2,3;-0,6;1,3;2,6892;;;
01/05/2014;0,7;0,8;0,5;4,998143;10,184222;11,654223;;;;;;;-2,7;-0,7;0,9;2,5773;;;
01/04/2014;1,1;0,8;0,7;5,037404;10,182469;11,709556;;;;;;;-2,8;0;0,4;2,6332;1,9;0,7;1,2
01/03/2014;0,7;0,8;0,5;5,0771;10,231343;11,804286;;;;;;;-3,1;-0,1;0;2,6498;;;
01/02/2014;1;1,1;0,7;5,113338;10,22951;11,872578;;;;;;;-3;-0,2;0,5;2,8539;;;
01/01/2014;1,1;0,8;0,8;5,134105;10,199124;11,91917;0,5;-3,9;-2,5;0,7;-1;-2,7;-3;-0,2;0,3;2,5315;2,9;1,2;1,6
01/12/2013;1,2;0,8;0,8;5,136785;10,175307;11,884734;;;;;;;-3;-0,1;0,2;2,5487;;;
01/11/2013;1,6;0,8;0,9;5,134123;10,165964;11,918234;;;;;;;-3,8;0;0,3;2,5753;;;
01/10/2013;1,2;0,7;0,7;5,138899;10,155849;11,948305;;;;;;;-3,7;0,1;-0,1;2,4662;1,6;1,1;0,8
01/09/2013;1,5;1;1,1;5,156263;10,334236;12,030321;;;;;;;-3,6;0,1;0,2;2,4321;;;
01/08/2013;1,5;1;1,3;5,179217;10,198835;12,011633;;;;;;;-3,8;0,1;-0,1;2,2918;;;
01/07/2013;2;1,2;1,6;5,205125;10,335382;12,046259;;;;;;;-3,7;0,1;-0,1;2,2235;0,7;0,6;0,1
01/06/2013;2;1;1,6;5,237165;10,394119;12,067203;;;;;;;-3,4;0;0,4;1,968;;;
01/05/2013;1,5;0,9;1,4;5,275413;10,385711;12,074308;;;;;;;-3,2;0,2;0,9;1,9937;;;
01/04/2013;1,1;0,8;1,2;5,315268;10,438418;12,092532;;;;;;;-3,1;0,4;0,9;1,9978;0,4;0,8;-0,4
01/03/2013;1,9;1,1;1,7;5,349789;10,390318;12,048825;;;;;;;-2,5;0,4;1,1;1,8371;;;
01/02/2013;1,8;1,2;1,9;5,365989;10,333878;12,05885;;;;;;;-2,6;0,5;1;1,7608;;;
01/01/2013;1,9;1,4;2;5,354637;10,314232;12,021203;-0,1;-4,1;-3;0,1;-1,4;-3,4;-2,5;0,5;0,5;1,7465;-0,4;-0,1;-1,3
01/12/2012;2,1;1,5;2,2;5,331908;10,21003;11,883904;;;;;;;-2,3;0,5;1;2,3178;;;
01/11/2012;1,9;1,6;2,2;5,307387;10,139363;11,817004;;;;;;;-1,8;0,4;0,7;2,576;;;
01/10/2012;2,1;2,1;2,5;5,292402;10,042582;11,737094;;;;;;;-1,8;0,4;0,3;2,6737;0,2;0;-1,1
01/09/2012;2,2;2,2;2,6;5,301879;9,875958;11,595191;;;;;;;-1,5;0;0,6;2,7026;;;
01/08/2012;2,3;2,4;2,6;5,338384;9,751304;11,507425;;;;;;;-0,8;0,1;1,6;2,9869;;;
01/07/2012;1,9;2,2;2,4;5,38322;9,720364;11,457977;;;;;;;-0,5;0,2;1,5;3,2028;0,7;0,4;-0,9
01/06/2012;1,9;2,3;2,4;5,416458;9,723765;11,400288;;;;;;;-0,7;0,3;2,1;3,6925;;;
01/05/2012;2,1;2,3;2,4;5,431074;9,720361;11,311479;;;;;;;0;0,3;2,8;4,2216;;;
01/04/2012;2,2;2,4;2,6;5,43195;9,638336;11,217201;;;;;;;0,4;0,5;3,2;4,8552;0,9;0,4;-0,8
01/03/2012;2,3;2,6;2,7;5,432742;9,547661;11,084577;;;;;;;0,3;0,6;3,9;5,2867;;;
01/02/2012;2,6;2,5;2,7;5,441;9,474149;10,916836;;;;;;;0,6;1,2;4,1;5,5737;;;
01/01/2012;2,4;2,6;2,7;5,466161;9,4521;10,778966;0;-5;-3,7;-0,4;-2,1;-4,1;0,9;1,3;4,6;6,0891;1;0,6;-0,4
01/12/2011;2,2;2,7;2,8;5,505632;9,419877;10,716489;;;;;;;1,2;1,6;4,4;5,6294;;;
01/11/2011;2,7;2,7;3;5,55609;9,369345;10,609075;;;;;;;1,7;2,1;4,5;6,5543;;;
01/10/2011;2,8;2,5;3;5,61876;9,324706;10,465973;;;;;;;2;2,2;5,4;7,1589;2,5;1,6;0,5
01/09/2011;2,8;2,4;3;5,680282;9,235427;10,377366;;;;;;;1,7;2,9;5,4;7,1065;;;
01/08/2011;2,5;2,4;2,5;5,735313;9,215787;10,240657;;;;;;;1,7;2,9;4,5;7,1953;;;
01/07/2011;2,6;2,1;2,6;5,785405;9,19724;10,15438;;;;;;;1,7;3;4,5;7,34;3,3;2,1;1,4
01/06/2011;2,4;2,3;2,7;5,836097;9,150846;10,045269;;;;;;;1,6;3,3;4,2;7,2434;;;
01/05/2011;2,5;2,2;2,7;5,897731;9,085416;10,000975;;;;;;;1;3,4;2,5;7,2566;;;
01/04/2011;2,7;2,2;2,8;5,979699;9,095227;9,955821;;;;;;;1,1;3,4;2,3;6,5244;3,6;2,4;1,9
01/03/2011;2,4;2,2;2,7;6,087436;9,081994;10,01035;;;;;;;0,9;3,4;2;6,34;;;
01/02/2011;2,3;1,8;2,4;6,224444;9,133058;10,026728;;;;;;;0,7;3;1,7;6,5283;;;
01/01/2011;2;2;2,3;6,377669;9,143801;10,085252;-1;-5,2;-4,2;-1,4;-3,6;-4,9;0,6;3,1;1,4;6,283;5,6;2,9;2,8
01/12/2010;1,8;2;2,2;6,519934;9,174707;10,126518;;;;;;;0;2,9;1,2;6,2272;;;
01/11/2010;1,5;1,8;1,9;6,628936;9,189163;10,143817;;;;;;;-0,1;2,8;1,7;5,718;;;
01/10/2010;1,3;1,8;1,9;6,701507;9,192201;10,196283;;;;;;;-0,4;2,9;1,1;5,5504;4,5;2,2;2,4
01/09/2010;1,2;1,8;1,9;6,749731;9,246192;10,185874;;;;;;;-0,6;2,7;1;5,5006;;;
01/08/2010;1;1,6;1,6;6,790346;9,256371;10,193689;;;;;;;-1,2;2,9;0,4;5,427;;;
01/07/2010;1,2;1,9;1,7;6,842617;9,199372;10,19173;;;;;;;-1,5;2,8;0,2;5,2661;4,6;2,2;2,3
01/06/2010;0,9;1,7;1,5;6,924755;9,240428;10,253955;;;;;;;-1,7;2,8;0;5,1096;;;
01/05/2010;1,2;1,9;1,7;7,035782;9,303953;10,295865;;;;;;;-2,1;2,7;-0,8;5,156;;;
01/04/2010;1;1,9;1,6;7,15767;9,312588;10,306424;;;;;;;-2,6;2,5;-1,1;5,5037;4,4;1,8;2,2
01/03/2010;1,2;1,7;1,6;7,266703;9,320798;10,229966;;;;;;;-2,4;2,2;-1,6;4,9405;;;
01/02/2010;0,4;1,4;0,8;7,343531;9,306306;10,220802;;;;;;;-2,4;1,8;-1,8;4,5796;;;
01/01/2010;0,7;1,2;0,9;7,40297;9,26476;10,159031;-4,2;-6,9;-6,2;-2;-4,2;-5,8;-2,7;1,6;-2,3;4,2598;2,3;1,2;1
01/12/2009;0,9;1;0,9;7,471352;9,488986;10,139941;;;;;;;-2,2;1,3;-1,2;4,0411;;;
01/11/2009;0,3;0,5;0,5;7,55882;9,548208;10,083356;;;;;;;-1,8;0,5;-2,4;3,5779;;;
01/10/2009;-0,1;-0,2;-0,1;7,660074;9,496363;10,057683;;;;;;;-1,2;-0,1;-1,7;3,2142;-3;-0,9;-2,4
01/09/2009;-0,4;-0,4;-0,3;7,758608;9,294502;10,000457;;;;;;;-0,2;-0,3;-0,7;3,5234;;;
01/08/2009;0;-0,2;-0,2;7,831779;9,180555;9,878314;;;;;;;0,7;-0,2;0,4;3,866;;;
01/07/2009;-0,7;-0,8;-0,6;7,858547;9,105335;9,792449;;;;;;;1,5;0;1,3;3,9155;-5,7;-3;-4,5
01/06/2009;0;-0,6;-0,1;7,829596;9,101498;9,68094;;;;;;;2,7;0,2;2,3;4,4634;;;
01/05/2009;-0,1;-0,3;0;7,76095;9,092257;9,567912;;;;;;;4,3;-0,2;4,2;4,7837;;;
01/04/2009;0,7;0,1;0,6;7,675427;8,967922;9,472721;;;;;;;5,1;0;4,7;4,7144;-6,6;-3,5;-5,4
01/03/2009;0,3;0,4;0,6;7,579959;8,794923;9,322777;;;;;;;6,1;0,4;6,4;5,4644;;;
01/02/2009;1,1;1;1,2;7,469725;8,55922;9,017816;;;;;;;7,6;0,7;8,1;5,8592;;;
01/01/2009;1;0,8;1,1;7,339848;8,279829;8,72082;-3,2;-7,2;-6,3;-0,7;-4,5;-6,2;8,8;1,2;9,1;6,6453;-6,9;-3,8;-5,5
01/12/2008;1,1;1,2;1,6;7,201192;7,999468;8,309752;;;;;;;9,5;1,7;9,5;7,2621;;;
01/11/2008;1,4;1,9;2,1;7,09002;7,774485;8,046736;;;;;;;11,1;2,5;11,7;7,7354;;;
01/10/2008;2,6;3;3,2;7,032221;7,595208;7,817869;;;;;;;11,8;3,2;12,7;8,312;-1,7;-1,7;-2,1
01/09/2008;3;3,4;3,6;7,04506;7,53085;7,654571;;;;;;;12,1;3,8;12,3;8,7763;;;
01/08/2008;3,3;3,5;3,8;7,130747;7,487004;7,56974;;;;;;;12,6;3,8;13,4;8,8697;;;
01/07/2008;3,4;4;4,1;7,267993;7,400949;7,478706;;;;;;;12,9;4;13,4;9,2352;0,5;-0,1;0,1
01/06/2008;3,4;4;3,9;7,415888;7,345046;7,47114;;;;;;;13,7;4,2;13,7;9,4341;;;
01/05/2008;3,2;3,7;3,7;7,541508;7,279477;7,388659;;;;;;;14,2;4,8;14,7;9,6232;;;
01/04/2008;2,6;3,4;3,3;7,639338;7,277016;7,3647;;;;;;;14,9;5,2;15,4;10,1986;1,7;0,6;1,2
01/03/2008;3,3;3,5;3,6;7,728193;7,254638;7,27262;;;;;;;14,9;5,4;15,1;10,4038;;;
01/02/2008;3;3,2;3,3;7,829553;7,244097;7,312785;;;;;;;14,8;5,8;14,7;10,8495;;;
01/01/2008;3;3,2;3,2;7,947146;7,323491;7,332022;-0,2;-3,3;-2,2;-0,8;-3;-4,4;14,4;6;14,3;10,7888;2,8;1,8;2,2
01/12/2007;3,1;2,8;3,1;8,078025;7,358514;7,333977;;;;;;;14,5;6,1;13,7;10,9571;;;
01/11/2007;3,3;2,6;3,1;8,201847;7,4536;7,317121;;;;;;;14;6,5;13,3;11,1057;;;
01/10/2007;2,6;2,1;2,5;8,303515;7,6147;7,346959;;;;;;;13,9;6,7;12,4;11,1256;2,3;2,1;2,4
01/09/2007;2,6;1,6;2,1;8,378438;7,813924;7,393255;;;;;;;14;6,7;12,8;10,9086;;;
01/08/2007;1,9;1,3;1,7;8,430647;7,95222;7,462234;;;;;;;14,3;6,9;12,4;11,0015;;;
01/07/2007;2,1;1,2;1,8;8,483455;8,015513;7,507607;;;;;;;13,6;6,9;11,2;10,9608;3,3;2,7;3
01/06/2007;2;1,3;1,9;8,549687;7,978121;7,458211;;;;;;;13,2;7,1;10,1;10,9577;;;
01/05/2007;2;1,2;1,9;8,633406;8,084005;7,535011;;;;;;;12,8;7,4;8,5;11,3862;;;
01/04/2007;2,1;1,3;1,9;8,736484;8,193583;7,572253;;;;;;;12,3;7,6;8,3;11,4951;3,5;2,3;3,2
01/03/2007;2;1,2;1,9;8,865129;8,342692;7,673647;;;;;;;12,6;7,9;8,9;11,4514;;;
01/02/2007;1,9;1,2;1,8;9,030414;8,44788;7,761549;;;;;;;12,8;8,1;8,8;11,4602;;;
01/01/2007;1,7;1,4;1,8;9,22561;8,472974;7,874182;0,2;-2,6;-0,7;-0,8;-2,2;-4,7;13,4;8,1;10,1;11,2406;4,4;2,6;3,6
01/12/2006;1,4;1,7;1,9;9,421157;8,416588;7,929907;;;;;;;13,1;8,2;10;11,4764;;;
01/11/2006;1,5;1,6;1,8;9,595285;8,424086;8,05025;;;;;;;13,2;8,6;11;12,1215;;;
01/10/2006;1;1,2;1,6;9,736083;8,54026;8,11497;;;;;;;12,9;8,6;10,9;12,2142;4,9;2,6;3,8
01/09/2006;0,9;1,5;1,8;9,835917;8,680756;8,17205;;;;;;;12,7;9,1;11;12,3031;;;
01/08/2006;1,7;2,1;2,3;9,90986;8,854133;8,244456;;;;;;;12;9,1;10,1;12,1824;;;
01/07/2006;2,1;2,2;2,4;9,977785;8,908445;8,286663;;;;;;;11,8;9,4;10,1;12,3271;4;2,6;3,3
01/06/2006;2,1;2,2;2,5;10,069711;8,916741;8,360382;;;;;;;11,4;9,6;10,8;12,3825;;;
01/05/2006;2,1;2,3;2,5;10,192846;8,943746;8,48912;;;;;;;11,3;9,7;10,9;12,2071;;;
01/04/2006;2,2;2;2,4;10,317771;9,020698;8,57746;;;;;;;10,9;9,8;10,6;12,1984;3,8;3,1;3,3
01/03/2006;1,9;1,7;2,2;10,422751;9,058259;8,679462;;;;;;;10,4;9,7;10,6;12,1316;;;
01/02/2006;2,1;2;2,4;10,503856;9,07467;8,756879;;;;;;;9,7;9,5;10,1;11,9598;;;
01/01/2006;2,1;2,2;2,4;10,585979;9,076654;8,801887;-1,7;-2,4;-1,5;-1,7;-2,3;-4,2;8,6;9,4;8,6;12,1932;2,8;2,2;3
01/12/2005;2,1;1,8;2,3;10,693329;9,079424;8,893647;;;;;;;8,3;9,3;7,2;11,8557;;;
01/11/2005;2,3;1,8;2,3;10,826585;9,063267;8,945329;;;;;;;7,7;9,1;7;10,9592;;;
01/10/2005;2,4;2;2,5;10,968449;9,033823;9,020449;;;;;;;7,5;8,9;6;10,8278;1,7;1,7;2,2
01/09/2005;2,6;2,3;2,6;11,098154;8,9572;9,03294;;;;;;;7,3;8,6;5,4;10,5775;;;
01/08/2005;1,9;2;2,2;11,188958;8,896401;9,02483;;;;;;;6,9;8,6;5;10,363;;;
01/07/2005;1,9;1,8;2,1;11,232873;8,887275;9,080076;;;;;;;7,1;8,5;6,2;10,2711;1,4;1,7;2
01/06/2005;1,7;1,8;2;11,238348;8,880334;9,170742;;;;;;;6,5;8,3;5,8;10,2233;;;
01/05/2005;1,5;1,7;2;11,225765;8,870115;9,178524;;;;;;;6,3;8,1;6,1;10,1693;;;
01/04/2005;1,4;2;2,1;11,186666;8,796933;9,239024;;;;;;;6,1;7,9;5,9;9,7882;0,4;1,5;1,5
01/03/2005;1,8;2,1;2,2;10,942993;8,70901;9,171678;;;;;;;5,9;7,9;5,8;9,8435;;;
01/02/2005;1,8;1,9;2,1;10,862311;8,676546;9,169636;;;;;;;5,8;8;4,8;9,6536;;;
01/01/2005;1,7;1,6;1,9;10,745805;8,728942;9,155231;-3,4;-3,4;-2,6;-2,2;-2,7;-4,7;5,8;8;4,6;9,6506;0,1;2;1,4
01/12/2004;2,3;2,2;2,3;10,665482;8,864185;9,211339;;;;;;;5,3;7,8;6;9,5646;;;
01/11/2004;1,9;2,2;2,2;10,586351;8,935368;9,279098;;;;;;;5,2;7,8;4,1;9,5175;;;
01/10/2004;2,2;2,3;2,4;10,5092;8,903042;9,265075;;;;;;;5;7,7;4,4;9,2761;0,2;2,6;1,8
01/09/2004;1,9;2,2;2,1;10,437946;8,838506;9,269163;;;;;;;4,5;7,7;3,9;9,3838;;;
01/08/2004;2,2;2,6;2,4;10,379462;8,799469;9,223791;;;;;;;4,1;7,4;2,8;9,8837;;;
01/07/2004;1,9;2,6;2,3;10,335042;8,781434;9,206827;;;;;;;4,4;7,2;2,4;9,5935;0,5;2,7;2,2
01/06/2004;1,9;2,7;2,4;10,304224;8,79141;9,215019;;;;;;;4;7,2;1,2;9,4513;;;
01/05/2004;2,2;2,8;2,5;10,283925;8,803273;9,25642;;;;;;;3,7;6,9;0,6;8,5105;;;
01/04/2004;1,7;2,4;2,1;10,269635;8,810277;9,261714;;;;;;;3,4;6,8;-0,1;8,2848;1,2;3;2,4
01/03/2004;1,1;1,9;1,7;10,259152;8,84409;9,282079;;;;;;;3,2;6,6;-1,7;8,2415;;;
01/02/2004;0,8;1,9;1,6;10,128025;8,844228;9,245875;;;;;;;3;6,3;-0,6;8,0404;;;
01/01/2004;1,1;2,2;1,8;9,779729;8,824918;9,209463;-3,7;-3,6;-3;-2,9;-3,1;-4,8;3,2;6,4;-0,5;8,274;0,9;2,1;1,9
01/12/2003;1,1;2,4;2;9,769885;8,861591;9,142584;;;;;;;3,5;6,4;-1,1;7,6826;;;
01/11/2003;1,4;2,5;2,2;9,763627;8,762176;9,084826;;;;;;;4,1;5,9;-1,1;7,9836;;;
01/10/2003;1,2;2,3;2;9,762922;8,705688;9,077326;;;;;;;3,4;5,8;-1,3;7,6292;-0,3;1,4;1,1
01/09/2003;1,1;2,2;2,1;9,765273;8,596777;9,084394;;;;;;;3,6;5,8;-1,2;7,2874;;;
01/08/2003;1,1;2;2;9,768315;8,433128;9,068872;;;;;;;4;5,8;-0,6;6,8783;;;
01/07/2003;0,9;2;1,9;9,767838;8,463153;9,078631;;;;;;;3,5;5,9;-0,7;6,9261;-0,9;0,6;0,5
01/06/2003;1;2;2;9,758932;8,457047;9,088747;;;;;;;3,4;5,5;0;6,6702;;;
01/05/2003;0,6;1,8;1,8;9,738193;8,405621;9,038276;;;;;;;3,2;5,6;1,2;6,6636;;;
01/04/2003;1;2;2,1;9,692093;8,39554;9,014693;;;;;;;3,3;5,6;1,2;6,9421;-0,9;0,3;0,3
01/03/2003;1,2;2,5;2,4;9,61668;8,309042;9,026834;;;;;;;3,4;6;1,7;7,0592;;;
01/02/2003;1,2;2,6;2,4;9,511301;8,270922;8,994379;;;;;;;3,9;6,1;2,5;7,0852;;;
01/01/2003;1,1;1,9;2,1;9,382928;8,282422;8,980049;-4,2;-4;-3,2;-3,3;-3,4;-4,7;3,8;5,8;2,1;6,5469;-0,7;1,1;0,8
01/12/2002;1,1;2,2;2,3;9,245322;8,532557;8,931436;;;;;;;3,2;6;2,8;7,111;;;
01/11/2002;1,1;2,1;2,3;9,109341;8,386135;8,86254;;;;;;;2,6;5,9;1,8;6,3663;;;
01/10/2002;1,2;1,9;2,3;8,982055;8,306142;8,802014;;;;;;;3,5;5,9;0;6,8079;0,2;1,2;1,2
01/09/2002;1,1;1,8;2,1;8,859364;8,338173;8,768153;;;;;;;3,3;5,9;0,9;6,9083;;;
01/08/2002;1,1;1,8;2,1;8,73644;8,316993;8,721212;;;;;;;3,9;6;2,3;6,8275;;;
01/07/2002;1,1;1,6;2;8,613409;8,287651;8,678299;;;;;;;3,7;5,7;1,8;6,5666;0,5;1,2;1,2
01/06/2002;0,9;1,4;1,9;8,495868;8,222438;8,61059;;;;;;;4,2;5,9;2,2;6,507;;;
01/05/2002;1,1;1,6;2,1;8,391737;8,193312;8,561843;;;;;;;5;5,8;1,3;6,9656;;;
01/04/2002;1,5;2,1;2,4;8,305967;8,172658;8,535155;;;;;;;4,8;5,5;1,9;6,4104;-0,2;1,2;0,9
01/03/2002;1,9;2,2;2,5;8,236488;8,196265;8,476113;;;;;;;4,9;5,3;3;5,9562;;;
01/02/2002;1,8;2,2;2,5;8,177635;8,198662;8,503449;;;;;;;5,6;5,3;1,5;5,6672;;;
01/01/2002;2;2,4;2,6;8,123703;8,215746;8,454629;-3,9;-3,2;-2,7;;;;6;5,3;2,5;5,8217;-0,4;0,8;0,6
01/12/2001;1,4;1,5;2,1;8,072951;8,346952;8,473637;;;;;;;6,2;5,2;3,3;6,0184;;;
01/11/2001;1,4;1,3;2;8,019187;8,360806;8,45534;;;;;;;6,5;5,9;5,1;6,0089;;;
01/10/2001;1,6;1,8;2,2;7,961136;8,3568;8,425646;;;;;;;7;5,9;7,3;5,5711;1,5;1,1;1,3
01/09/2001;1,8;1,6;2,2;7,899369;8,407471;8,390269;;;;;;;7,3;5,9;6,9;5,925;;;
01/08/2001;2,2;2;2,3;7,836446;8,393212;8,374293;;;;;;;8,3;5,6;8,5;5,9233;;;
01/07/2001;2,1;2,2;2,5;7,77615;8,386965;8,355441;;;;;;;9;6;9,2;5,9951;1,5;1,9;1,9
01/06/2001;2,4;2,2;2,9;7,72277;8,453499;8,358854;;;;;;;9,4;6,1;9,2;6,1478;;;
01/05/2001;2,9;2,4;3,1;7,678865;8,46683;8,382268;;;;;;;9,5;6,4;9,9;5,7122;;;
01/04/2001;2,2;2;2,7;7,649424;8,491801;8,362454;;;;;;;9,8;6,6;9,5;6,3874;1,7;2,1;2,3
01/03/2001;1,8;1,5;2,2;7,640474;8,545217;8,38763;;;;;;;10,2;6,3;9,7;6,4895;;;
01/02/2001;1,8;1,5;2;7,65557;8,589628;8,422969;;;;;;;10,1;6,9;10,6;7,0941;;;
01/01/2001;1,3;1,3;2;7,690226;8,64183;8,46258;-3,1;-1,4;-2;;;;10,3;7,2;10,4;6,7619;2,6;3;3,1
01/12/2000;2,2;1,8;2,5;7,73577;8,69482;8,569868;;;;;;;11;7,2;10,7;6,7833;;;
01/11/2000;1,4;2,3;2,5;7,782877;8,762303;8,647777;;;;;;;11,3;7,4;10,3;7,3662;;;
01/10/2000;1,5;2,1;2,4;7,825056;8,837669;8,713987;;;;;;;11,3;7,5;10,2;7,555;1,9;3,4;3,4
01/09/2000;1,5;2,3;2,4;7,860998;8,890582;8,825955;;;;;;;12;7,8;11,2;7,1078;;;
01/08/2000;1;2;2;7,892923;8,978878;8,882084;;;;;;;11;8,2;8,9;7,5385;;;
01/07/2000;1,3;1,9;2,1;7,924555;9,072646;8,940744;;;;;;;10,2;8,1;8;8,0779;3,1;4;3,9
01/06/2000;1,4;1,8;2,1;7,958106;9,15482;8,990824;;;;;;;10,4;8,7;8,6;8,1143;;;
01/05/2000;0,8;1,5;1,8;7,993952;9,265353;9,034922;;;;;;;11,3;8,8;10,4;8,8884;;;
01/04/2000;1;1,3;1,7;8,032819;9,38745;9,092105;;;;;;;11,4;9,3;11,2;8,8103;4,3;4,5;4,5
01/03/2000;1,4;1,6;2;8,07574;9,466991;9,18059;;;;;;;10,6;9,6;9,6;8,6949;;;
01/02/2000;1,7;1,4;1,9;8,124344;9,60963;9,275731;;;;;;;9,4;9,4;6,2;8,3335;;;
01/01/2000;1,7;1,7;1,9;8,1798;9,762011;9,364803;0,9;-1,3;-0,5;;;;8,3;9;6,2;8,1368;3,5;4,4;4,2
01/12/1999;1,4;1,3;1,7;8,240225;9,840196;9,467451;;;;;;;7,2;10;7,1;7,7564;;;
01/11/1999;1;0,9;1,5;8,301849;9,996552;9,545412;;;;;;;8;22,4;6,8;6,7686;;;
01/10/1999;0,9;0,8;1,3;8,360411;10,148736;9,590367;;;;;;;9,9;24;5,8;6,8086;3,3;4;4
01/09/1999;0,8;0,6;1,2;8,415014;10,241381;9,663534;;;;;;;8,9;20,8;5,7;7,0093;;;
01/08/1999;0,6;0,5;1,1;8,467418;10,382733;9,717358;;;;;;;9,5;34,6;6,4;6,57;;;
01/07/1999;0,5;0,4;1;8,519401;10,518205;9,765433;;;;;;;7,9;34,4;6,2;5,779;2;3,4;2,9
01/06/1999;0,4;0,3;0,9;8,574428;10,609456;9,831774;;;;;;;7,5;30,6;5,2;6,1055;;;
01/05/1999;0,4;0,4;0,9;8,63479;10,701825;9,871411;;;;;;;9,1;32,2;3;5,6822;;;
01/04/1999;0,8;0,5;1,1;8,701008;10,757368;9,920158;;;;;;;10;33,5;1,8;5,441;1,3;2,9;2,4
01/03/1999;0,5;0,4;0,9;8,772107;10,748493;9,933601;;;;;;;10;34,1;2,4;5,5623;;;
01/02/1999;0,1;0,3;0,7;8,845882;10,751198;9,990476;;;;;;;8,1;35,3;4,5;5,2055;;;
01/01/1999;0,3;0,3;0,8;8,919803;10,738053;10,065884;-1,7;-1,6;-1,5;;;;8,1;37,3;5,3;4,9688;0,7;2,9;2,1
01/12/1998;0,1;0,3;0,8;8,992535;10,706702;10,20113;;;;;;;9,3;36,7;3,9;4,1519;;;
01/11/1998;0,4;0,2;0,8;9,064119;10,686594;10,265037;;;;;;;7,7;23,3;4,5;5,3248;;;
01/10/1998;0,4;0,5;0,9;9,137502;10,675406;10,315214;;;;;;;7,3;22,5;5,7;5,2573;0,7;3,3;1,9
01/09/1998;0,5;0,5;1;9,213578;10,632782;10,350101;;;;;;;7,7;25,8;5,7;5,3936;;;
01/08/1998;0,6;0,7;1,1;9,292395;10,643793;10,412615;;;;;;;;;3,6;5,3455;;;
01/07/1998;0,8;0,8;1,3;9,372272;10,668281;10,470519;;;;;;;;;4,3;5,5238;1,5;3,6;2,7
01/06/1998;0,8;1,1;1,3;9,449229;10,654008;10,547834;;;;;;;;;2,6;4,6827;;;
01/05/1998;0,9;0,9;1,3;9,520057;10,692534;10,569062;;;;;;;;;4,2;4,1145;;;
01/04/1998;0,9;1;1,4;9,580791;10,731926;10,611476;;;;;;;;;4,7;4,1116;1,6;3,7;2,9
01/03/1998;0,5;0,8;1,1;9,626993;10,680637;-;;;;;;;;;3,8;4,2749;;;
01/02/1998;0,5;0,7;1,1;9,654794;10,732766;-;;;;;;;;;4,8;4,0389;;;
01/01/1998;0,7;0,6;1,1;9,664184;10,797485;-;-2,5;-2,4;-2,4;;;;;;3,6;4,1316;3,3;3,9;3,8
01/12/1997;1,4;1,2;1,5;9,661189;10,767172;;;;;;;;;;2;4,8407;;;
01/11/1997;1,6;1,4;1,6;9,655905;10,829234;;;;;;;;;;1,1;4,259;;;
01/10/1997;1,5;1,1;1,5;9,65624;10,877285;;;;;;;;;;1,5;4,2734;1,9;3,4;3,4
01/09/1997;1,4;1,4;1,6;9,663598;10,860469;;;;;;;;;;-0,6;4,0897;;;
01/08/1997;1,7;1,6;1,7;9,672816;10,894663;;;;;;;;;;-0,6;4,4097;;;
01/07/1997;1,6;1,1;1,5;9,679742;10,929163;;;;;;;;;;0,7;4,3416;1,7;2,4;2,7
01/06/1997;1,5;1;1,4;9,680599;10,89681;;;;;;;;;;0,5;4,7975;;;
01/05/1997;1,5;0,9;1,4;9,672289;10,928763;;;;;;;;;;-0,2;4,0615;;;
01/04/1997;1,2;1;1,3;9,650182;10,958422;;;;;;;;;;-0,5;3,8221;2;2,2;2,6
01/03/1997;1,3;1,1;1,6;9,609023;10,913861;;;;;;;;;;-0,5;3,4734;;;
01/02/1997;1,6;1,7;1,8;9,545693;10,920135;;;;;;;;;;-0,8;3,8568;;;
01/01/1997;1,9;1,8;2;9,463958;10,906194;;-2,9;-3,7;-3;;;;;;-1,1;4,1274;2;1,3;2
01/12/1996;-;1,7;-;9,372428;10,859513;;;;;;;;;;-1,1;4,2182;;;
01/11/1996;-;1,6;-;9,2785;10,839984;;;;;;;;;;0,4;4,0693;;;
01/10/1996;-;1,8;-;9,186276;10,835213;;;;;;;;;;-0,2;3,6836;1,6;1,5;1,9
01/09/1996;-;1,7;-;9,096915;10,860403;;;;;;;;;;0,1;3,3499;;;
01/08/1996;-;1,8;-;9,008735;10,879864;;;;;;;;;;1,7;2,2729;;;
01/07/1996;-;2,5;-;8,920309;10,908944;;;;;;;;;;0,1;2,2006;1;1,6;1,8
01/06/1996;-;2,5;-;8,834337;10,945532;;;;;;;;;;1,4;1,5461;;;
01/05/1996;-;2,6;-;8,755187;10,931324;;;;;;;;;;1,1;2,1579;;;
01/04/1996;-;2,5;-;8,685877;10,864186;;;;;;;;;;1,4;2,1956;0,7;1,2;1,4
01/03/1996;-;2,5;-;8,626362;10,710763;;;;;;;;;;2,5;2,0502;;;
01/02/1996;-;2,1;-;8,574675;10,655865;;;;;;;;;;2,4;1,6149;;;
01/01/1996;-;2;-;8,527429;10,66652;;-3,5;-3,9;-4,3;;;;;;2,9;1,6233;0,1;1,3;1,3
01/12/1995;-;-;-;8,481736;10,706181;;;;;;;;;;2,7;1,4107;;;
01/11/1995;-;-;-;8,435076;10,740705;;;;;;;;;;2,3;0,9991;;;
01/10/1995;-;-;-;8,383974;10,735129;;;;;;;;;;1,2;1,2586;0,7;1,3;
01/09/1995;-;-;-;8,325881;10,598158;;;;;;;;;;2,7;1,4261;;;
01/08/1995;-;-;-;8,261934;10,565402;;;;;;;;;;1,9;2,098;;;
01/07/1995;-;-;-;8,196355;10,546384;;;;;;;;;;1;2,0927;2,1;2;
01/06/1995;-;-;-;8,136349;10,459083;;;;;;;;;;1,6;1,8584;;;
01/05/1995;-;-;-;8,090532;10,448016;;;;;;;;;;1,1;1,748;;;
01/04/1995;-;-;-;8,067482;10,432074;;;;;;;;;;1,3;1,7383;2,5;2,4;
01/03/1995;-;-;-;8,072929;10,329142;;;;;;;;;;0,8;1,6533;;;
01/02/1995;-;-;-;8,136393;10,335261;;;;;;;;;;0,8;1,6305;;;
01/01/1995;-;-;-;8,188402;10,368917;;-9,4;-5,1;-7,3;;;;;;0,2;1,6278;2;3,1;
01/12/1994;-;-;-;8,246291;10,412596;;;;;;;;;;0,8;1,6191;;;
01/11/1994;-;-;-;8,30098;10,469411;;;;;;;;;;-0,4;1,6938;;;
01/10/1994;-;-;-;8,349149;10,521882;;;;;;;;;;-0,8;1,4544;3,7;3,3;
01/09/1994;-;-;-;8,392201;10,557636;;;;;;;;;;-1,7;1,0541;;;
01/08/1994;-;-;-;8,433273;10,606725;;;;;;;;;;-1,9;0,6839;;;
01/07/1994;-;-;-;8,473954;10,656949;;;;;;;;;;-1,5;0,716;2,3;2,6;
01/06/1994;-;-;-;8,511282;10,712157;;;;;;;;;;-1,2;1,01;;;
01/05/1994;-;-;-;8,538042;10,756634;;;;;;;;;;-1,1;0,7089;;;
01/04/1994;-;-;-;8,553946;10,794335;;;;;;;;;;-2;0,8933;2,2;2,2;
01/03/1994;-;-;-;8,525625;10,807263;;;;;;;;;;-;-;;;
01/02/1994;-;-;-;8,464282;10,813386;;;;;;;;;;-;-;;;
01/01/1994;-;-;-;8,379467;10,794742;;;;;;;;;;-;-;2;1,2;
01/12/1993;-;-;-;8,284726;10,724873;;;;;;;;;;-;-;;;
01/11/1993;-;-;-;8,191405;10,67053;;;;;;;;;;-;-;;;
01/10/1993;-;-;-;8,102624;10,60532;;;;;;;;;;-;-;-0,2;-0,2;
01/09/1993;-;-;-;8,015484;10,485188;;;;;;;;;;-;-;;;
01/08/1993;-;-;-;7,926413;10,408315;;;;;;;;;;-;-;;;
01/07/1993;-;-;-;7,835521;10,331013;;;;;;;;;;-;-;-0,3;-0,6;
01/06/1993;-;-;-;7,741592;10,226431;;;;;;;;;;-;-;;;
01/05/1993;-;-;-;7,6453;10,145066;;;;;;;;;;-;-;;;
01/04/1993;-;-;-;7,5482;10,060542;;;;;;;;;;-;-;-1,3;-0,8;
01/03/1993;-;-;-;7,451173;9,946824;;;;;;;;;;-;-;;;
01/02/1993;-;-;-;7,354191;9,868127;;;;;;;;;;-;-;;;
01/01/1993;-;-;-;7,259238;9,79886;;;;;;;;;;-;-;-2,1;-0,8;
01/12/1992;-;-;-;7,166499;9,758189;;;;;;;;;;-;;;;
01/11/1992;-;-;-;7,071634;9,693174;;;;;;;;;;-;;;;
01/10/1992;-;-;-;6,971084;9,623299;;;;;;;;;;-;;0,4;0,8;
01/09/1992;-;-;-;6,864642;9,571193;;;;;;;;;;-;;;;
01/08/1992;-;-;-;6,752445;9,500795;;;;;;;;;;-;;;;
01/07/1992;-;-;-;6,635093;9,435135;;;;;;;;;;-;;1,9;1,4;
01/06/1992;-;-;-;6,515033;9,414939;;;;;;;;;;-;;;;
01/05/1992;-;-;-;6,393789;9,352566;;;;;;;;;;-;;;;
01/04/1992;-;-;-;6,276541;9,289098;;;;;;;;;;-;;1,7;1,6;
01/03/1992;-;-;-;6,171593;9,262996;;;;;;;;;;-;;;;
01/02/1992;-;-;-;6,086864;9,197688;;;;;;;;;;-;;;;
01/01/1992;-;-;-;6,019721;9,131986;;;;;;;;;;-;;2;2,2;
01/12/1991;-;-;-;5,960993;9,068874;;;;;;;;;;-;;;;
01/11/1991;-;-;-;5,899503;8,994979;;;;;;;;;;-;;;;
01/10/1991;-;-;-;5,826743;8,913297;;;;;;;;;;-;;;1;
01/09/1991;-;-;-;5,73952;8,784612;;;;;;;;;;-;;;;
01/08/1991;-;-;-;5,640756;8,702259;;;;;;;;;;-;;;;
01/07/1991;-;-;-;5,535147;8,627041;;;;;;;;;;-;;;0,9;
01/06/1991;-;-;-;5,432728;8,516891;;;;;;;;;;-;;;;
01/05/1991;-;-;-;5,345721;8,456915;;;;;;;;;;-;;;;
01/04/1991;-;-;-;5,288734;8,405093;;;;;;;;;;-;;;1;
01/03/1991;-;-;-;5,257498;8,314214;;;;;;;;;;-;;;;
01/02/1991;-;-;-;5,237838;8,292945;;;;;;;;;;-;;;;
01/01/1991;-;-;-;5,227444;8,294373;;;;;;;;;;-;;;1,1;
01/12/1990;-;;;;8,277843;;;;;;;;;;-;;;;
01/11/1990;-;;;;8,302422;;;;;;;;;;-;;;;
01/10/1990;-;;;;8,327974;;;;;;;;;;-;;;1,7;
01/09/1990;-;;;;8,305113;;;;;;;;;;-;;;;
01/08/1990;-;;;;8,3374;;;;;;;;;;-;;;;
01/07/1990;-;;;;8,376636;;;;;;;;;;-;;;2,9;
01/06/1990;-;;;;8,392315;;;;;;;;;;-;;;;
01/05/1990;-;;;;8,435319;;;;;;;;;;-;;;;
01/04/1990;-;;;;8,475987;;;;;;;;;;-;;;3,7;
01/03/1990;-;;;;8,498078;;;;;;;;;;-;;;;
01/02/1990;-;;;;8,537145;;;;;;;;;;-;;;;
01/01/1990;-;;;;8,577332;;;;;;;;;;-;;;3,9;
01/12/1989;-;;;;8,627017;;;;;;;;;;;;;;
01/11/1989;-;;;;8,654088;;;;;;;;;;;;;;
01/10/1989;-;;;;8,666918;;;;;;;;;;;;;4,7;
01/09/1989;-;;;;8,659318;;;;;;;;;;;;;;
01/08/1989;-;;;;8,662996;;;;;;;;;;;;;;
01/07/1989;-;;;;8,671796;;;;;;;;;;;;;4,3;
01/06/1989;-;;;;8,680947;;;;;;;;;;;;;;
01/05/1989;-;;;;8,694593;;;;;;;;;;;;;;
01/04/1989;-;;;;8,707974;;;;;;;;;;;;;4,5;
01/03/1989;-;;;;8,690206;;;;;;;;;;;;;;
01/02/1989;-;;;;8,719832;;;;;;;;;;;;;;
01/01/1989;-;;;;8,766077;;;;;;;;;;;;;4,4;
01/12/1988;-;;;;8,763941;;;;;;;;;;;;;;
01/11/1988;-;;;;8,814245;;;;;;;;;;;;;;
01/10/1988;-;;;;8,852478;;;;;;;;;;;;;4,3;
01/09/1988;-;;;;8,762468;;;;;;;;;;;;;;
01/08/1988;-;;;;8,797692;;;;;;;;;;;;;;
01/07/1988;-;;;;8,843362;;;;;;;;;;;;;4,9;
01/06/1988;-;;;;8,791214;;;;;;;;;;;;;;
01/05/1988;-;;;;8,843631;;;;;;;;;;;;;;
01/04/1988;-;;;;8,893677;;;;;;;;;;;;;4,3;
01/03/1988;-;;;;8,845492;;;;;;;;;;;;;;
01/02/1988;-;;;;8,905837;;;;;;;;;;;;;;
01/01/1988;-;;;;8,980001;;;;;;;;;;;;;4,8;
01/12/1987;-;;;;9,002603;;;;;;;;;;;;;;
01/11/1987;-;;;;9,068031;;;;;;;;;;;;;;
01/10/1987;-;;;;9,111655;;;;;;;;;;;;;3,8;
01/09/1987;-;;;;9,062257;;;;;;;;;;;;;;
01/08/1987;-;;;;9,090808;;;;;;;;;;;;;;
01/07/1987;-;;;;9,127746;;;;;;;;;;;;;2,4;
01/06/1987;-;;;;9,130575;;;;;;;;;;;;;;
01/05/1987;-;;;;9,175486;;;;;;;;;;;;;;
01/04/1987;-;;;;9,220791;;;;;;;;;;;;;2,1;
01/03/1987;-;;;;9,235532;;;;;;;;;;;;;;
01/02/1987;-;;;;9,270948;;;;;;;;;;;;;;
01/01/1987;-;;;;9,296533;;;;;;;;;;;;;2;
01/12/1986;-;;;;9,237696;;;;;;;;;;;;;;
01/11/1986;-;;;;9,224125;;;;;;;;;;;;;;
01/10/1986;-;;;;9,17736;;;;;;;;;;;;;2,2;
01/09/1986;-;;;;9,003195;;;;;;;;;;;;;;
01/08/1986;-;;;;8,943472;;;;;;;;;;;;;;
01/07/1986;-;;;;8,896625;;;;;;;;;;;;;2,2;
01/06/1986;-;;;;8,797653;;;;;;;;;;;;;;
01/05/1986;-;;;;8,760364;;;;;;;;;;;;;;
01/04/1986;-;;;;8,719645;;;;;;;;;;;;;2,5;
01/03/1986;-;;;;8,602242;;;;;;;;;;;;;;
01/02/1986;-;;;;8,592846;;;;;;;;;;;;;;
01/01/1986;-;;;;8,61837;;;;;;;;;;;;;2,1;
01/12/1985;;;;;8,669623;;;;;;;;;;;;;;
01/11/1985;;;;;8,705256;;;;;;;;;;;;;;
01/10/1985;;;;;8,71604;;;;;;;;;;;;;1,9;
01/09/1985;;;;;8,673493;;;;;;;;;;;;;;
01/08/1985;;;;;8,663757;;;;;;;;;;;;;;
01/07/1985;;;;;8,662207;;;;;;;;;;;;;1,8;
01/06/1985;;;;;8,695007;;;;;;;;;;;;;;
01/05/1985;;;;;8,66307;;;;;;;;;;;;;;
01/04/1985;;;;;8,670514;;;;;;;;;;;;;1,7;
01/03/1985;;;;;8,687407;;;;;;;;;;;;;;
01/02/1985;;;;;8,705156;;;;;;;;;;;;;;
01/01/1985;;;;;8,733249;;;;;;;;;;;;;1,3;
01/12/1984;;;;;8,772042;;;;;;;;;;;;;;
01/11/1984;;;;;8,776482;;;;;;;;;;;;;;
01/10/1984;;;;;8,746996;;;;;;;;;;;;;1,8;
01/09/1984;;;;;8,645796;;;;;;;;;;;;;;
01/08/1984;;;;;8,575836;;;;;;;;;;;;;;
01/07/1984;;;;;8,504789;;;;;;;;;;;;;2;
01/06/1984;;;;;8,442037;;;;;;;;;;;;;;
01/05/1984;;;;;8,366925;;;;;;;;;;;;;;
01/04/1984;;;;;8,289314;;;;;;;;;;;;;1,6;
01/03/1984;;;;;8,223059;;;;;;;;;;;;;;
01/02/1984;;;;;8,14354;;;;;;;;;;;;;;
01/01/1984;;;;;8,064867;;;;;;;;;;;;;1,3;
01/12/1983;;;;;8,000775;;;;;;;;;;;;;;
01/11/1983;;;;;7,911711;;;;;;;;;;;;;;
01/10/1983;;;;;7,816434;;;;;;;;;;;;;1;
01/09/1983;;;;;7,697085;;;;;;;;;;;;;;
01/08/1983;;;;;7,585031;;;;;;;;;;;;;;
01/07/1983;;;;;7,468825;;;;;;;;;;;;;1,2;
01/06/1983;;;;;7,376763;;;;;;;;;;;;;;
01/05/1983;;;;;7,211908;;;;;;;;;;;;;;
01/04/1983;;;;;7,002699;;;;;;;;;;;;;1,1;
01/03/1983;;;;;6,70056;;;;;;;;;;;;;;
01/02/1983;;;;;6,73352;;;;;;;;;;;;;;
01/01/1983;;;;;7,057988;;;;;;;;;;;;;1,8;
01/10/1982;;;;;;;;;;;;;;;;;;2,2;
01/07/1982;;;;;;;;;;;;;;;;;;2,1;
01/04/1982;;;;;;;;;;;;;;;;;;2,8;
01/01/1982;;;;;;;;;;;;;;;;;;2,6;
01/10/1981;;;;;;;;;;;;;;;;;;2,2;
01/07/1981;;;;;;;;;;;;;;;;;;1,6;
01/04/1981;;;;;;;;;;;;;;;;;;0,9;
01/01/1981;;;;;;;;;;;;;;;;;;-0,2;
01/10/1980;;;;;;;;;;;;;;;;;;-0,3;
01/07/1980;;;;;;;;;;;;;;;;;;0,1;
01/04/1980;;;;;;;;;;;;;;;;;;1,4;
01/01/1980;;;;;;;;;;;;;;;;;;2,5;
01/10/1979;;;;;;;;;;;;;;;;;;3;
01/07/1979;;;;;;;;;;;;;;;;;;3,9;
01/04/1979;;;;;;;;;;;;;;;;;;3,3;
01/01/1979;;;;;;;;;;;;;;;;;;3,9;
01/10/1978;;;;;;;;;;;;;;;;;;4,3;
01/07/1978;;;;;;;;;;;;;;;;;;4,1;
01/04/1978;;;;;;;;;;;;;;;;;;4,2;
01/01/1978;;;;;;;;;;;;;;;;;;3,4;
01/10/1977;;;;;;;;;;;;;;;;;;3,2;
01/07/1977;;;;;;;;;;;;;;;;;;3,1;
01/04/1977;;;;;;;;;;;;;;;;;;3,3;
01/01/1977;;;;;;;;;;;;;;;;;;4,4;
01/10/1976;;;;;;;;;;;;;;;;;;4,2;
01/07/1976;;;;;;;;;;;;;;;;;;5,6;
01/04/1976;;;;;;;;;;;;;;;;;;4,5;
01/01/1976;;;;;;;;;;;;;;;;;;2,8;
01/10/1975;;;;;;;;;;;;;;;;;;1,2;
01/07/1975;;;;;;;;;;;;;;;;;;-2,6;
01/04/1975;;;;;;;;;;;;;;;;;;-1,7;
01/01/1975;;;;;;;;;;;;;;;;;;-0,8;
01/10/1974;;;;;;;;;;;;;;;;;;1,6;
01/07/1974;;;;;;;;;;;;;;;;;;4,5;
01/04/1974;;;;;;;;;;;;;;;;;;5,2;
01/01/1974;;;;;;;;;;;;;;;;;;6,1;
01/10/1973;;;;;;;;;;;;;;;;;;6,2;
01/07/1973;;;;;;;;;;;;;;;;;;6,7;
01/04/1973;;;;;;;;;;;;;;;;;;6,5;
01/01/1973;;;;;;;;;;;;;;;;;;5,7;
01/10/1972;;;;;;;;;;;;;;;;;;5,1;
01/07/1972;;;;;;;;;;;;;;;;;;4,4;
01/04/1972;;;;;;;;;;;;;;;;;;4,4;
01/01/1972;;;;;;;;;;;;;;;;;;4,6;
01/10/1971;;;;;;;;;;;;;;;;;;5,1;
01/07/1971;;;;;;;;;;;;;;;;;;5,4;
01/04/1971;;;;;;;;;;;;;;;;;;5,1;
01/01/1971;;;;;;;;;;;;;;;;;;5,7;
01/10/1970;;;;;;;;;;;;;;;;;;5,7;
01/07/1970;;;;;;;;;;;;;;;;;;5,9;
01/04/1970;;;;;;;;;;;;;;;;;;6,2;
01/01/1970;;;;;;;;;;;;;;;;;;6,7;
01/10/1969;;;;;;;;;;;;;;;;;;6,1;
01/07/1969;;;;;;;;;;;;;;;;;;5,8;
01/04/1969;;;;;;;;;;;;;;;;;;12,5;
01/01/1969;;;;;;;;;;;;;;;;;;4,7;
01/10/1968;;;;;;;;;;;;;;;;;;6,2;
01/07/1968;;;;;;;;;;;;;;;;;;5,9;
01/04/1968;;;;;;;;;;;;;;;;;;-0,5;
01/01/1968;;;;;;;;;;;;;;;;;;6;
01/10/1967;;;;;;;;;;;;;;;;;;5,1;
01/07/1967;;;;;;;;;;;;;;;;;;4,8;
01/04/1967;;;;;;;;;;;;;;;;;;4,8;
01/01/1967;;;;;;;;;;;;;;;;;;5,2;
01/10/1966;;;;;;;;;;;;;;;;;;4,5;
01/07/1966;;;;;;;;;;;;;;;;;;5,3;
01/04/1966;;;;;;;;;;;;;;;;;;5,5;
01/01/1966;;;;;;;;;;;;;;;;;;5,7;
01/10/1965;;;;;;;;;;;;;;;;;;5,3;
01/07/1965;;;;;;;;;;;;;;;;;;5,2;
01/04/1965;;;;;;;;;;;;;;;;;;4,7;
01/01/1965;;;;;;;;;;;;;;;;;;4,1;
01/10/1964;;;;;;;;;;;;;;;;;;5,7;
01/07/1964;;;;;;;;;;;;;;;;;;4,3;
01/04/1964;;;;;;;;;;;;;;;;;;6,7;
01/01/1964;;;;;;;;;;;;;;;;;;9,8;
01/10/1963;;;;;;;;;;;;;;;;;;6,9;
01/07/1963;;;;;;;;;;;;;;;;;;8;
01/04/1963;;;;;;;;;;;;;;;;;;6,7;
01/01/1963;;;;;;;;;;;;;;;;;;4;
01/10/1962;;;;;;;;;;;;;;;;;;6,7;
01/07/1962;;;;;;;;;;;;;;;;;;7,5;
01/04/1962;;;;;;;;;;;;;;;;;;6,4;
01/01/1962;;;;;;;;;;;;;;;;;;5,5;
01/10/1961;;;;;;;;;;;;;;;;;;4,8;
01/07/1961;;;;;;;;;;;;;;;;;;4,1;
01/04/1961;;;;;;;;;;;;;;;;;;4,9;
01/01/1961;;;;;;;;;;;;;;;;;;6,8;
01/10/1960;;;;;;;;;;;;;;;;;;7,6;
01/07/1960;;;;;;;;;;;;;;;;;;9,1;
01/04/1960;;;;;;;;;;;;;;;;;;8,5;
01/01/1960;;;;;;;;;;;;;;;;;;7,1;
01/10/1959;;;;;;;;;;;;;;;;;;5,1;
01/07/1959;;;;;;;;;;;;;;;;;;2,9;
01/04/1959;;;;;;;;;;;;;;;;;;1,5;
01/01/1959;;;;;;;;;;;;;;;;;;0,6;
01/10/1958;;;;;;;;;;;;;;;;;;1,7;
01/07/1958;;;;;;;;;;;;;;;;;;1,7;
01/04/1958;;;;;;;;;;;;;;;;;;3,6;
01/01/1958;;;;;;;;;;;;;;;;;;3,9;
01/10/1957;;;;;;;;;;;;;;;;;;4,5;
01/07/1957;;;;;;;;;;;;;;;;;;5,8;
01/04/1957;;;;;;;;;;;;;;;;;;5,4;
01/01/1957;;;;;;;;;;;;;;;;;;6,4;
01/10/1956;;;;;;;;;;;;;;;;;;5,2;
01/07/1956;;;;;;;;;;;;;;;;;;4,9;
01/04/1956;;;;;;;;;;;;;;;;;;5,1;
01/01/1956;;;;;;;;;;;;;;;;;;4,9;
01/10/1955;;;;;;;;;;;;;;;;;;5,5;
01/07/1955;;;;;;;;;;;;;;;;;;5,1;
01/04/1955;;;;;;;;;;;;;;;;;;5,2;
01/01/1955;;;;;;;;;;;;;;;;;;5,5;
01/10/1954;;;;;;;;;;;;;;;;;;5,6;
01/07/1954;;;;;;;;;;;;;;;;;;6,5;
01/04/1954;;;;;;;;;;;;;;;;;;5,3;
01/01/1954;;;;;;;;;;;;;;;;;;5,2;
01/10/1953;;;;;;;;;;;;;;;;;;4,9;
01/07/1953;;;;;;;;;;;;;;;;;;3,1;
01/04/1953;;;;;;;;;;;;;;;;;;3,6;
01/01/1953;;;;;;;;;;;;;;;;;;1,4;
01/10/1952;;;;;;;;;;;;;;;;;;2;
01/07/1952;;;;;;;;;;;;;;;;;;3,1;
01/04/1952;;;;;;;;;;;;;;;;;;3,7;
01/01/1952;;;;;;;;;;;;;;;;;;5;
01/10/1951;;;;;;;;;;;;;;;;;;3,3;
01/07/1951;;;;;;;;;;;;;;;;;;4,8;
01/04/1951;;;;;;;;;;;;;;;;;;5,8;
01/01/1951;;;;;;;;;;;;;;;;;;7,7;
01/10/1950;;;;;;;;;;;;;;;;;;10,6;
01/07/1950;;;;;;;;;;;;;;;;;;9,3;
01/04/1950;;;;;;;;;;;;;;;;;;8,3;
01/01/1950;;;;;;;;;;;;;;;;;;6,6;